[{"@type":"mappingTemplate","id":"@1","name":"m_Syl_STG_SFDC_CrossRef_Referral_Professional - Copy 1","description":"Mapping to load SF External_Contacts__c table and SqlSvr Stage CrossRef table. ","bundleVersion":"0","templateId":"@3","hasParameters":true,"valid":true,"fixedConnection":true,"hasParametersDeployed":false,"fixedConnectionDeployed":false,"isSchemaValidationEnabled":false,"tasks":0,"mappingPreviewFileRecordId":"@2","documentType":"MAPPING","references":[{"@type":"reference","refObjectId":"@4py9zUwj5gubvbz7vXjpO9","refType":"connection"},{"@type":"reference","refObjectId":"@38MNvlXycIucfIYxrOnRGD","refType":"mappletTemplate"},{"@type":"reference","refObjectId":"@6A3GGVT5ItCb4WQf11F1yH","refType":"mappletTemplate"}]}]