[{"@type":"mappingTemplate","id":"@1","name":"m_Syl_STG_SFDC_Contact_Patient - Copy 2","description":"Mapping to load Patient contacts from Sylvester to SalesForce","bundleVersion":"0","templateId":"@3","deployTime":1718132006000,"hasParameters":true,"valid":true,"fixedConnection":true,"hasParametersDeployed":true,"fixedConnectionDeployed":true,"isSchemaValidationEnabled":false,"tasks":0,"mappingPreviewFileRecordId":"@2","documentType":"MAPPING","references":[{"@type":"reference","refObjectId":"@4py9zUwj5gubvbz7vXjpO9","refType":"connection"},{"@type":"reference","refObjectId":"@jMOsiN3EMEygcfGi5ZLryc","refType":"connection"},{"@type":"reference","refObjectId":"@5tKbfQtTnwjeEoT0RHsCIC","refType":"mappletTemplate"},{"@type":"reference","refObjectId":"@38MNvlXycIucfIYxrOnRGD","refType":"mappletTemplate"},{"@type":"reference","refObjectId":"@6A3GGVT5ItCb4WQf11F1yH","refType":"mappletTemplate"}]}]